,TN,FP,FN,TP,Accuracy,Precision,Recall,Total_Actual_Neg,Total_Actual_Pos,Total_Pred_Neg,Total_Pred_Pos,TP_Rate,FP_Rate,TN_Rate,FN_Rate
0,7571.0,656.0,401.0,3198.0,0.9106206663284289,0.8297872340425532,0.8885801611558767,8227.0,3599.0,7972.0,3854.0,0.8885801611558767,0.07973744986021636,0.9202625501397836,0.11141983884412336
