,orig_detected_bit,adv_detected_bit,orig_detected_blur,adv_detected_blur,orig_detected_both,adv_detected_both,orig_detected_bit_rate,adv_detected_bit_rate,orig_detected_blur_rate,adv_detected_blur_rate,orig_detected_both_rate,adv_detected_both_rate
0.01,7675,11562,8263,10723,9856,11608,0.6489937426010486,0.9776763064434297,0.6987146964315915,0.9067309318450871,0.8334178927786233,0.9815660409267715
0.5,579,10779,1960,5701,2249,11000,0.04895991882293252,0.9114662607813293,0.16573651276847623,0.48207339759851175,0.19017419245729747,0.9301538981904278
1.0,189,10092,1178,4093,1304,10283,0.01598173515981735,0.8533739218670725,0.09961102655166582,0.3461018095721292,0.11026551665821072,0.86952477591747
1.5,60,9013,639,2575,676,9152,0.0050735667174023336,0.7621342803991206,0.05403348554033485,0.21774057162185015,0.05716218501606629,0.773888043294436
1.99,0,0,0,0,0,0,0.0,0.0,0.0,0.0,0.0,0.0
