,orig_detected_bit,adv_detected_bit,orig_detected_blur,adv_detected_blur,orig_detected_both,adv_detected_both,orig_detected_bit_rate,adv_detected_bit_rate,orig_detected_blur_rate,adv_detected_blur_rate,orig_detected_both_rate,adv_detected_both_rate
0.01,7675,10910,8263,10338,9856,11216,0.6489937426010486,0.9225435481143244,0.6987146964315915,0.8741755454084221,0.8334178927786233,0.9484187383730762
0.5,579,5845,1960,3934,2249,6063,0.04895991882293252,0.49424995772027736,0.16573651276847623,0.332656857771013,0.19017419245729747,0.5126839167935059
1.0,189,4400,1178,2671,1304,4602,0.01598173515981735,0.3720615592761711,0.09961102655166582,0.22585827836969388,0.11026551665821072,0.389142567224759
1.5,60,3092,639,1723,676,3230,0.0050735667174023336,0.26145780483680026,0.05403348554033485,0.145695924234737,0.05716218501606629,0.2731270082868256
1.99,0,0,0,0,0,0,0.0,0.0,0.0,0.0,0.0,0.0
