,orig_detected_bit,adv_detected_bit,orig_detected_blur,adv_detected_blur,orig_detected_both,adv_detected_both,orig_detected_bit_rate,adv_detected_bit_rate,orig_detected_blur_rate,adv_detected_blur_rate,orig_detected_both_rate,adv_detected_both_rate
0.01,7675,11536,8263,11473,9856,11574,0.6489937426010486,0.9754777608658887,0.6987146964315915,0.9701505158126162,0.8334178927786233,0.9786910197869102
0.5,579,11033,1960,10520,2249,11239,0.04895991882293252,0.9329443598849991,0.16573651276847623,0.8895653644512092,0.19017419245729747,0.9503636056147472
1.0,189,10693,1178,9985,1304,10924,0.01598173515981735,0.9041941484863859,0.09961102655166582,0.8443260612210384,0.11026551665821072,0.9237273803483849
1.5,60,10102,639,9215,676,10250,0.0050735667174023336,0.854219516319973,0.05403348554033485,0.7792152883477085,0.05716218501606629,0.8667343142228987
1.99,0,0,0,0,0,0,0.0,0.0,0.0,0.0,0.0,0.0
