,orig_detected_bit,adv_detected_bit,orig_detected_blur,adv_detected_blur,orig_detected_both,adv_detected_both,orig_detected_bit_rate,adv_detected_bit_rate,orig_detected_blur_rate,adv_detected_blur_rate,orig_detected_both_rate,adv_detected_both_rate
0.01,7675,11425,8263,11503,9856,11504,0.6489937426010486,0.9660916624386944,0.6987146964315915,0.9726872991713175,0.8334178927786233,0.9727718586166074
0.5,579,10948,1960,10998,2249,11012,0.04895991882293252,0.9257568070353458,0.16573651276847623,0.9299847792998478,0.19017419245729747,0.9311686115339083
1.0,189,10640,1178,10678,1304,10690,0.01598173515981735,0.8997124978860138,0.09961102655166582,0.9029257568070354,0.11026551665821072,0.9039404701505158
1.5,60,10087,639,10118,676,10132,0.0050735667174023336,0.8529511246406224,0.05403348554033485,0.8555724674446136,0.05716218501606629,0.8567562996786741
1.99,0,0,0,0,0,0,0.0,0.0,0.0,0.0,0.0,0.0
