,orig_detected_bit,adv_detected_bit,orig_detected_blur,adv_detected_blur,orig_detected_both,adv_detected_both,orig_detected_bit_rate,adv_detected_bit_rate,orig_detected_blur_rate,adv_detected_blur_rate,orig_detected_both_rate,adv_detected_both_rate
0.01,7675,11488,8263,10300,9856,11596,0.6489937426010486,0.9714189074919668,0.6987146964315915,0.8709622864874006,0.8334178927786233,0.980551327583291
0.5,579,10991,1960,5171,2249,11256,0.04895991882293252,0.9293928631828176,0.16573651276847623,0.43725689159479114,0.19017419245729747,0.9518011161846778
1.0,189,10665,1178,3911,1304,10974,0.01598173515981735,0.9018264840182648,0.09961102655166582,0.33071199052934214,0.11026551665821072,0.9279553526128869
1.5,60,10098,639,2742,676,10283,0.0050735667174023336,0.8538812785388128,0.05403348554033485,0.23186199898528664,0.05716218501606629,0.86952477591747
1.99,0,0,0,0,0,0,0.0,0.0,0.0,0.0,0.0,0.0
