,TN,FP,FN,TP,Accuracy,Precision,Recall,Total_Actual_Neg,Total_Actual_Pos,Total_Pred_Neg,Total_Pred_Pos,TP_Rate,FP_Rate,TN_Rate,FN_Rate
0,6467.0,800.0,325.0,4234.0,0.9048706240487062,0.8410806515693285,0.9287124369379249,7267.0,4559.0,6792.0,5034.0,0.9287124369379249,0.11008669327095087,0.8899133067290491,0.07128756306207501
