,FGSM,Optimization,OptimizationU,AdvGAN,AdvGANU
0,0.050527178,0.020404898,0.09140123,0.015821584,0.03819003
