,FGSM,Optimization,OptimizationU,AdvGAN,AdvGANU
0,0.05893793336715711,0.29621173685100627,0.9988161677659394,0.9254185692541856,0.0014375105699306612
