,TN,FP,FN,TP,Accuracy,Precision,Recall,Total_Actual_Neg,Total_Actual_Pos,Total_Pred_Neg,Total_Pred_Pos,TP_Rate,FP_Rate,TN_Rate,FN_Rate
0,10657.0,1169.0,0.0,0.0,0.9011500084559445,0.0,0.0,11826.0,0.0,10657.0,1169.0,,0.09884999154405547,0.9011500084559445,
0,7.0,11819.0,0.0,0.0,0.0005919161170302722,0.0,0.0,11826.0,0.0,7.0,11819.0,,0.9994080838829698,0.0005919161170302722,
