,TN,FP,FN,TP,Accuracy,Precision,Recall,Total_Actual_Neg,Total_Actual_Pos,Total_Pred_Neg,Total_Pred_Pos,TP_Rate,FP_Rate,TN_Rate,FN_Rate
0,23591.0,711.0,823.0,14295.0,0.961085743277524,0.9526189524190324,0.9455615822198703,24302.0,15118.0,24414.0,15006.0,0.9455615822198703,0.02925685128795984,0.9707431487120401,0.054438417780129644
0,8.0,24294.0,281.0,14837.0,0.37658548959918825,0.37916230098898573,0.9814128853022887,24302.0,15118.0,289.0,39131.0,0.9814128853022887,0.9996708089869146,0.00032919101308534276,0.01858711469771134
