,FGSM,Optimization,OptimizationU,AdvGAN,AdvGANU
0,0.047973264,0.023225045,0.105097264,0.025310285,0.058943685
