,FGSM,Optimization,OptimizationU,AdvGAN,AdvGANU
0,0.41009463722397477,0.9982255520504731,1.0,0.43809148264984227,0.4481466876971609
