,FGSM,Optimization,OptimizationU,AdvGAN,AdvGANU
0,0.2432775240994419,0.46050228310502284,0.9992389649923896,0.9881785895484526,0.821537290715373
