,TN,FP,FN,TP,Accuracy,Precision,Recall,Total_Actual_Neg,Total_Actual_Pos,Total_Pred_Neg,Total_Pred_Pos,TP_Rate,FP_Rate,TN_Rate,FN_Rate
0,10657.0,1169.0,0.0,0.0,0.9011500084559445,0.0,0.0,11826.0,0.0,10657.0,1169.0,,0.09884999154405547,0.9011500084559445,
0,283.0,11543.0,0.0,0.0,0.023930323017081007,0.0,0.0,11826.0,0.0,283.0,11543.0,,0.976069676982919,0.023930323017081007,
