,TN,FP,FN,TP,Accuracy,Precision,Recall,Total_Actual_Neg,Total_Actual_Pos,Total_Pred_Neg,Total_Pred_Pos,TP_Rate,FP_Rate,TN_Rate,FN_Rate
0,10657.0,1169.0,0.0,0.0,0.9011500084559445,0.0,0.0,11826.0,0.0,10657.0,1169.0,,0.09884999154405547,0.9011500084559445,
0,8129.0,3697.0,0.0,0.0,0.6873837307627262,0.0,0.0,11826.0,0.0,8129.0,3697.0,,0.3126162692372738,0.6873837307627262,
