,FGSM,Optimization,OptimizationU,AdvGAN,AdvGANU
0,0.268053442,0.473871131,1,0.97547776,0.97480129
