,TN,FP,FN,TP,Accuracy,Precision,Recall,Total_Actual_Neg,Total_Actual_Pos,Total_Pred_Neg,Total_Pred_Pos,TP_Rate,FP_Rate,TN_Rate,FN_Rate
0,23572.0,730.0,843.0,14275.0,0.9600963977676307,0.95134955014995,0.944238655906866,24302.0,15118.0,24415.0,15005.0,0.944238655906866,0.030038679944037527,0.9699613200559625,0.05576134409313401
0,1323.0,22979.0,498.0,14620.0,0.404439370877727,0.3888401287268278,0.9670591348061913,24302.0,15118.0,1821.0,37599.0,0.9670591348061913,0.9455600362110115,0.05443996378898856,0.032940865193808705
