,FGSM,Optimization,OptimizationU,AdvGAN,AdvGANU
0,0.22822594283781497,0.9538305428716387,1.0,0.9754777608658887,0.9748012853035684
