,FGSM,Optimization,OptimizationU,AdvGAN,AdvGANU
0,0.047188524,0.02265388,0.10521258,0.026401114,0.059046634
