,FGSM,Optimization,OptimizationU,AdvGAN,AdvGANU
0,0.2680534415694233,0.47387113140537795,1.0,0.8274987316083207,0.48122780314561137
